SKU,商品,商品规格,售价(RMB),进价(RMB),进价(AUD),利润(RMB),利润率(%),成本折扣(折)
1001_IRIS802,IRIS澳洲抗皱羊胎盘素男女儿童通用防冻不油腻羊脂深度滋润素面霜,,60,16.64,3.24,43.36,260.58,2.77
1001_IRIS820,Iris高级爆水羊胎盘素面霜 绵羊油 靓白补水保湿素颜霜,蓝色爆水,49,13.87,2.7,35.13,253.28,2.83
1001_IRIS821,Iris高级爆水羊胎盘素面霜 绵羊油 靓白补水保湿素颜霜,金色靓白,49,13.87,2.7,35.13,253.28,2.83
1001_IRIS801,IRIS自然草本精华羊胎盘素绵羊油,,49,13.87,2.7,35.13,253.28,2.83
1001_Rifold043,Rifold儿童钙镁锌咀嚼片60粒,,131,42.15,8.22,88.85,210.79,3.22
1001_IRIS806,IRIS澳洲原装进口神奇金箔抗皱驻颜抗老修护羊胎盘素精华霜,,77,27.73,5.41,49.27,177.68,3.6
1001_AUSWAY014,AUSWAY袋鼠精30000 益气强精 温和补肾 100粒,,178,69.33,13.52,108.67,156.74,3.89
1001_Rifold002,RIFOLD 黑蜂胶软胶囊 提高免疫力 抗菌消炎 改善糖尿病 2000mg 365粒,,181,79.32,15.46,101.68,128.19,4.38
1001_Rifold002,Rifold 牛初乳 1000毫克365粒 带外盒,,181,79.32,15.46,101.68,128.19,4.38
1001_AUSWAY062,Ausway澳洲鹿茸胶囊 提高免疫力 改善睡眠 100粒,,184,86.53,16.87,97.47,112.64,4.7
1001_AUSWAY004,AUSWAY牛初乳粉450克+DHA,,131,62.68,12.22,68.32,109.0,4.78
1001_AUSWAY061,AUSWAY进口鹿血胎盘素 60000 100s女红润调理养颜滋补卵巢保养,,147,79.32,15.46,67.68,85.33,5.4
1001_Rifold052,Rifold 澳洲长寿丸 NAD+ 提高免疫 延缓衰老 修复DNA,,214,115.92,22.6,98.08,84.61,5.42
1001_AUSWAY010,Ausway深海野生三文鱼油365粒,,144,79.87,15.57,64.13,80.29,5.55
1001_AUSWAY060,VC片 增强免疫力 1200mg 150粒,,143,79.32,15.46,63.68,80.28,5.55
1001_AUSWAY029,Ausway纯天然蜂王浆胶囊 调节三高保护肝脏抗衰老 1600mg 365粒,,224,124.8,24.33,99.2,79.49,5.57
1001_AUSWAY007,Ausway深海鱼油（金瓶）1000毫克365粒,,128,71.55,13.95,56.45,78.9,5.59
1001_AUSWAY018,Ausway纯净海域角鲨烯含鲨鱼肝油1000毫克365粒,,203,116.48,22.71,86.52,74.28,5.74
1001_Rifold051,Rifold 男士复合能量补充剂大力丸 60粒,,236,140.33,27.35,95.67,68.18,5.95
1001_AUSWAY041,AUSWAY 螺旋藻 抗辐射 提高机体免疫力 1000毫克500粒,,230,140.33,27.35,89.67,63.9,6.1
1001_AuswayQ10,Ausway天然辅酶Q10 150毫克 60粒,,121,83.2,16.22,37.8,45.43,6.88
1001_AUSWAY026,AUSWAY 蜂王浆 增强免疫 调节三高 预防癌症 1200毫克365粒,,315,221.86,43.25,93.14,41.98,7.04
1001_AUSWAY035,Ausway纯天然羊胎素华胶囊 35000mg 100粒,,115,83.2,16.22,31.8,38.22,7.23
